{
    "require_version": "6.5",
    "directory": [
        {
            "name": "uploads/lesson_files/audios"
        }
    ],
    "sql_file": "",
    "libraries": [
        {
            "root_directory": "update/update_6.6/application/libraries/s3-vendor.zip",
            "update_directory": "application/libraries/s3-vendor.zip"
        }
    ],
    "files": [
        {
            "root_directory": "update/update_6.6/application/controllers/Admin.php",
            "update_directory": "application/controllers/Admin.php"
        },
        {
            "root_directory": "update/update_6.6/application/controllers/Files.php",
            "update_directory": "application/controllers/Files.php"
        },
        {
            "root_directory": "update/update_6.6/application/controllers/Home.php",
            "update_directory": "application/controllers/Home.php"
        },
        {
            "root_directory": "update/update_6.6/application/controllers/User.php",
            "update_directory": "application/controllers/User.php"
        },
        {
            "root_directory": "update/update_6.6/application/helpers/common_helper.php",
            "update_directory": "application/helpers/common_helper.php"
        },
        {
            "root_directory": "update/update_6.6/application/models/Crud_model.php",
            "update_directory": "application/models/Crud_model.php"
        },
        {
            "root_directory": "update/update_6.6/application/models/Email_model.php",
            "update_directory": "application/models/Email_model.php"
        },
        {
            "root_directory": "update/update_6.6/application/models/Payment_model.php",
            "update_directory": "application/models/Payment_model.php"
        },
        {
            "root_directory": "update/update_6.6/application/views/backend/admin/audio_type_lesson_add.php",
            "update_directory": "application/views/backend/admin/audio_type_lesson_add.php"
        },
        {
            "root_directory": "update/update_6.6/application/views/backend/admin/audio_type_lesson_edit.php",
            "update_directory": "application/views/backend/admin/audio_type_lesson_edit.php"
        },
        {
            "root_directory": "update/update_6.6/application/views/backend/admin/bbb_live_class.php",
            "update_directory": "application/views/backend/admin/bbb_live_class.php"
        },
        {
            "root_directory": "update/update_6.6/application/views/backend/admin/bbb_live_class_settings.php",
            "update_directory": "application/views/backend/admin/bbb_live_class_settings.php"
        },
        {
            "root_directory": "update/update_6.6/application/views/backend/admin/change_course_author.php",
            "update_directory": "application/views/backend/admin/change_course_author.php"
        },
        {
            "root_directory": "update/update_6.6/application/views/backend/admin/newsletter_history.php",
            "update_directory": "application/views/backend/admin/newsletter_history.php"
        },
        {
            "root_directory": "update/update_6.6/application/views/backend/admin/newsletter_statistics.php",
            "update_directory": "application/views/backend/admin/newsletter_statistics.php"
        },
        {
            "root_directory": "update/update_6.6/application/views/backend/admin/wasabi_settings.php",
            "update_directory": "application/views/backend/admin/wasabi_settings.php"
        },
        {
            "root_directory": "update/update_6.6/application/views/backend/admin/wasabi_storage_type_lesson_add.php",
            "update_directory": "application/views/backend/admin/wasabi_storage_type_lesson_add.php"
        },
        {
            "root_directory": "update/update_6.6/application/views/backend/admin/wasabi_storage_type_lesson_edit.php",
            "update_directory": "application/views/backend/admin/wasabi_storage_type_lesson_edit.php"
        },
        {
            "root_directory": "update/update_6.6/application/views/backend/admin/about.php",
            "update_directory": "application/views/backend/admin/about.php"
        },
        {
            "root_directory": "update/update_6.6/application/views/backend/admin/course_edit.php",
            "update_directory": "application/views/backend/admin/course_edit.php"
        },
        {
            "root_directory": "update/update_6.6/application/views/backend/admin/lesson_add.php",
            "update_directory": "application/views/backend/admin/lesson_add.php"
        },
        {
            "root_directory": "update/update_6.6/application/views/backend/admin/lesson_edit.php",
            "update_directory": "application/views/backend/admin/lesson_edit.php"
        },
        {
            "root_directory": "update/update_6.6/application/views/backend/admin/lesson_types.php",
            "update_directory": "application/views/backend/admin/lesson_types.php"
        },
        {
            "root_directory": "update/update_6.6/application/views/backend/admin/navigation.php",
            "update_directory": "application/views/backend/admin/navigation.php"
        },
        {
            "root_directory": "update/update_6.6/application/views/backend/admin/newsletters.php",
            "update_directory": "application/views/backend/admin/newsletters.php"
        },
        {
            "root_directory": "update/update_6.6/application/views/backend/admin/quiz_add.php",
            "update_directory": "application/views/backend/admin/quiz_add.php"
        },
        {
            "root_directory": "update/update_6.6/application/views/backend/admin/quiz_edit.php",
            "update_directory": "application/views/backend/admin/quiz_edit.php"
        },
        {
            "root_directory": "update/update_6.6/application/views/backend/admin/student_academic_progress.php",
            "update_directory": "application/views/backend/admin/student_academic_progress.php"
        },
        {
            "root_directory": "update/update_6.6/application/views/backend/common_scripts.php",
            "update_directory": "application/views/backend/common_scripts.php"
        },
        {
            "root_directory": "update/update_6.6/application/views/backend/header.php",
            "update_directory": "application/views/backend/header.php"
        },
        {
            "root_directory": "update/update_6.6/application/views/backend/user/audio_type_lesson_add.php",
            "update_directory": "application/views/backend/user/audio_type_lesson_add.php"
        },
        {
            "root_directory": "update/update_6.6/application/views/backend/user/audio_type_lesson_edit.php",
            "update_directory": "application/views/backend/user/audio_type_lesson_edit.php"
        },
        {
            "root_directory": "update/update_6.6/application/views/backend/user/bbb_live_class.php",
            "update_directory": "application/views/backend/user/bbb_live_class.php"
        },
        {
            "root_directory": "update/update_6.6/application/views/backend/user/wasabi_storage_type_lesson_add.php",
            "update_directory": "application/views/backend/user/wasabi_storage_type_lesson_add.php"
        },
        {
            "root_directory": "update/update_6.6/application/views/backend/user/wasabi_storage_type_lesson_edit.php",
            "update_directory": "application/views/backend/user/wasabi_storage_type_lesson_edit.php"
        },
        {
            "root_directory": "update/update_6.6/application/views/backend/user/course_edit.php",
            "update_directory": "application/views/backend/user/course_edit.php"
        },
        {
            "root_directory": "update/update_6.6/application/views/backend/user/lesson_add.php",
            "update_directory": "application/views/backend/user/lesson_add.php"
        },
        {
            "root_directory": "update/update_6.6/application/views/backend/user/lesson_edit.php",
            "update_directory": "application/views/backend/user/lesson_edit.php"
        },
        {
            "root_directory": "update/update_6.6/application/views/backend/user/lesson_types.php",
            "update_directory": "application/views/backend/user/lesson_types.php"
        },
        {
            "root_directory": "update/update_6.6/application/views/backend/user/quiz_add.php",
            "update_directory": "application/views/backend/user/quiz_add.php"
        },
        {
            "root_directory": "update/update_6.6/application/views/backend/user/quiz_edit.php",
            "update_directory": "application/views/backend/user/quiz_edit.php"
        },
        {
            "root_directory": "update/update_6.6/application/views/backend/user/student_academic_progress.php",
            "update_directory": "application/views/backend/user/student_academic_progress.php"
        },
        {
            "root_directory": "update/update_6.6/application/views/frontend/default-new/course_page.php",
            "update_directory": "application/views/frontend/default-new/course_page.php"
        },
        {
            "root_directory": "update/update_6.6/application/views/frontend/default-new/courses_page_grid_layout.php",
            "update_directory": "application/views/frontend/default-new/courses_page_grid_layout.php"
        },
        {
            "root_directory": "update/update_6.6/application/views/frontend/default-new/courses_page_list_layout.php",
            "update_directory": "application/views/frontend/default-new/courses_page_list_layout.php"
        },
        {
            "root_directory": "update/update_6.6/application/views/frontend/default-new/header_lg_device.php",
            "update_directory": "application/views/frontend/default-new/header_lg_device.php"
        },
        {
            "root_directory": "update/update_6.6/application/views/frontend/default-new/home_1.php",
            "update_directory": "application/views/frontend/default-new/home_1.php"
        },
        {
            "root_directory": "update/update_6.6/application/views/frontend/default-new/includes_top.php",
            "update_directory": "application/views/frontend/default-new/includes_top.php"
        },
        {
            "root_directory": "update/update_6.6/application/views/frontend/default-new/my_messages.php",
            "update_directory": "application/views/frontend/default-new/my_messages.php"
        },
        {
            "root_directory": "update/update_6.6/application/views/frontend/default-new/profile_menus.php",
            "update_directory": "application/views/frontend/default-new/profile_menus.php"
        },
        {
            "root_directory": "update/update_6.6/application/views/lessons/bottom_tabs.php",
            "update_directory": "application/views/lessons/bottom_tabs.php"
        },
        {
            "root_directory": "update/update_6.6/application/views/lessons/general_course_content_body.php",
            "update_directory": "application/views/lessons/general_course_content_body.php"
        },
        {
            "root_directory": "update/update_6.6/application/views/lessons/quiz_result.php",
            "update_directory": "application/views/lessons/quiz_result.php"
        },
        {
            "root_directory": "update/update_6.6/application/views/lessons/sidebar.php",
            "update_directory": "application/views/lessons/sidebar.php"
        },
        {
            "root_directory": "update/update_6.6/application/views/mobile/quiz_answer_sheet.php",
            "update_directory": "application/views/mobile/quiz_answer_sheet.php"
        },
        {
            "root_directory": "update/update_6.6/application/views/payment-global/razorpay/payment_form.php",
            "update_directory": "application/views/payment-global/razorpay/payment_form.php"
        },
        {
            "root_directory": "update/update_6.6/uploads/lesson_files/audios/.htaccess",
            "update_directory": "uploads/lesson_files/audios/.htaccess"
        }
    ]
}